seen,ip,port,common_name
2023-10-30,37.1.215.57,443,angelbusinessteam.com
2023-10-30,92.118.112.100,443,danagroupegypt.com
2023-10-30,104.238.60.11,443,shchiswear.com
2023-10-30,172.233.238.215,443,
2023-10-30,96.126.111.127,443,
2023-10-30,23.239.11.145,443,
2023-10-30,45.33.98.254,443,
2023-10-30,45.79.199.4,443,
2023-10-30,45.56.105.98,443,
2023-10-30,149.154.158.243,443,futuretechfarm.com
2023-10-30,104.243.33.161,443,sms-atc.com
2023-10-30,104.243.33.129,443,makethumbmoney.com
2023-10-30,138.124.180.241,443,vectorsandarrows.com
2023-10-30,94.131.101.58,443,pacatman.com
2023-10-30,198.58.119.214,443,
2023-10-30,185.174.101.53,443,personmetal.com
2023-10-30,185.45.195.30,443,aviditycellars.com
2023-10-30,185.250.151.145,443,bureaudecreationalienor.com
2023-10-30,23.227.194.115,443,bitscoinc.com
2023-10-30,88.119.175.140,443,boxofficeseer.com
2023-10-30,88.119.175.137,443,thesheenterprise.com
2023-10-30,37.1.214.162,443,remontisto.com
2023-10-30,45.66.248.99,443,
2023-10-30,88.119.175.104,443,visioquote.com
2023-10-30,45.66.248.13,443,cannabishang.com
2023-10-30,92.118.112.8,443,turanmetal.com
2023-10-30,37.1.211.150,443,lucasdoors.com
2023-10-30,185.72.8.219,443,displaymercials.com
2023-10-30,172.232.172.128,443,
2023-10-30,82.117.253.168,443,digtupu.com
2023-10-30,104.238.60.112,443,avblokhutten.com
2023-10-30,173.44.141.34,443,hom4u.com
2023-10-30,170.130.165.140,443,rosevalleylimousine.com
2023-10-30,172.232.172.110,443,
2023-10-30,5.8.63.79,443,boezgrt.com
2023-10-30,172.232.172.125,443,
2023-10-30,162.248.224.56,443,hatchdesignsnh.com
2023-10-30,185.174.101.13,443,formulaautoparts.com
2023-10-30,23.152.0.193,443,ivermectinorder.com
2023-10-30,192.169.6.200,443,szdeas.com
2023-10-30,194.87.32.85,443,licencesolutions.com
2023-10-30,185.45.195.205,443,motorrungoli.com
